{"topartists":{"artist":[{"name":"Arctic Monkeys","listeners":"1588","mbid":"ada7a83c-e3e1-40f1-93f9-3e73dbc9298a","url":"http:\/\/www.last.fm\/music\/Arctic+Monkeys","streamable":"1","image":[{"#text":"http:\/\/userserve-ak.last.fm\/serve\/34\/92927667.png","size":"small"},{"#text":"http:\/\/userserve-ak.last.fm\/serve\/64\/92927667.png","size":"medium"},{"#text":"http:\/\/userserve-ak.last.fm\/serve\/126\/92927667.png","size":"large"},{"#text":"http:\/\/userserve-ak.last.fm\/serve\/252\/92927667.png","size":"extralarge"},{"#text":"http:\/\/userserve-ak.last.fm\/serve\/500\/92927667\/Arctic+Monkeys++for+Telegraph+M.png","size":"mega"}],"@attr":{"rank":"1"}},{"name":"Daft Punk","listeners":"1453","mbid":"056e4f3e-d505-4dad-8ec1-d04f521cbb56","url":"http:\/\/www.last.fm\/music\/Daft+Punk","streamable":"1","image":[{"#text":"http:\/\/userserve-ak.last.fm\/serve\/34\/10923145.png","size":"small"},{"#text":"http:\/\/userserve-ak.last.fm\/serve\/64\/10923145.png","size":"medium"},{"#text":"http:\/\/userserve-ak.last.fm\/serve\/126\/10923145.png","size":"large"},{"#text":"http:\/\/userserve-ak.last.fm\/serve\/252\/10923145.png","size":"extralarge"},{"#text":"http:\/\/userserve-ak.last.fm\/serve\/500\/10923145\/Daft+Punk+6a00e398210d13883300e55ui6.png","size":"mega"}],"@attr":{"rank":"2"}},{"name":"Arcade Fire","listeners":"1421","mbid":"52074ba6-e495-4ef3-9bb4-0703888a9f68","url":"http:\/\/www.last.fm\/music\/Arcade+Fire","streamable":"1","image":[{"#text":"http:\/\/userserve-ak.last.fm\/serve\/34\/95804143.jpg","size":"small"},{"#text":"http:\/\/userserve-ak.last.fm\/serve\/64\/95804143.jpg","size":"medium"},{"#text":"http:\/\/userserve-ak.last.fm\/serve\/126\/95804143.jpg","size":"large"},{"#text":"http:\/\/userserve-ak.last.fm\/serve\/252\/95804143.jpg","size":"extralarge"},{"#text":"http:\/\/userserve-ak.last.fm\/serve\/500\/95804143\/Arcade+Fire+arcade_fire.jpg","size":"mega"}],"@attr":{"rank":"3"}},{"name":"Muse","listeners":"1193","mbid":"1695c115-bf3f-4014-9966-2b0c50179193","url":"http:\/\/www.last.fm\/music\/Muse","streamable":"1","image":[{"#text":"http:\/\/userserve-ak.last.fm\/serve\/34\/210128.jpg","size":"small"},{"#text":"http:\/\/userserve-ak.last.fm\/serve\/64\/210128.jpg","size":"medium"},{"#text":"http:\/\/userserve-ak.last.fm\/serve\/126\/210128.jpg","size":"large"},{"#text":"http:\/\/userserve-ak.last.fm\/serve\/252\/210128.jpg","size":"extralarge"},{"#text":"http:\/\/userserve-ak.last.fm\/serve\/500\/210128\/Muse.jpg","size":"mega"}],"@attr":{"rank":"4"}},{"name":"Radiohead","listeners":"1065","mbid":"a74b1b7f-71a5-4011-9441-d0b5e4122711","url":"http:\/\/www.last.fm\/music\/Radiohead","streamable":"1","image":[{"#text":"http:\/\/userserve-ak.last.fm\/serve\/34\/95206315.png","size":"small"},{"#text":"http:\/\/userserve-ak.last.fm\/serve\/64\/95206315.png","size":"medium"},{"#text":"http:\/\/userserve-ak.last.fm\/serve\/126\/95206315.png","size":"large"},{"#text":"http:\/\/userserve-ak.last.fm\/serve\/252\/95206315.png","size":"extralarge"},{"#text":"http:\/\/userserve-ak.last.fm\/serve\/500\/95206315\/Radiohead++PNG.png","size":"mega"}],"@attr":{"rank":"5"}},{"name":"Avicii","listeners":"1062","mbid":"24b930c0-5f27-4723-a5aa-3b8b830fb914","url":"http:\/\/www.last.fm\/music\/Avicii","streamable":"1","image":[{"#text":"http:\/\/userserve-ak.last.fm\/serve\/34\/91218685.png","size":"small"},{"#text":"http:\/\/userserve-ak.last.fm\/serve\/64\/91218685.png","size":"medium"},{"#text":"http:\/\/userserve-ak.last.fm\/serve\/126\/91218685.png","size":"large"},{"#text":"http:\/\/userserve-ak.last.fm\/serve\/252\/91218685.png","size":"extralarge"},{"#text":"http:\/\/userserve-ak.last.fm\/serve\/500\/91218685\/Avicii.png","size":"mega"}],"@attr":{"rank":"6"}},{"name":"Coldplay","listeners":"1021","mbid":"cc197bad-dc9c-440d-a5b5-d52ba2e14234","url":"http:\/\/www.last.fm\/music\/Coldplay","streamable":"1","image":[{"#text":"http:\/\/userserve-ak.last.fm\/serve\/34\/28914.jpg","size":"small"},{"#text":"http:\/\/userserve-ak.last.fm\/serve\/64\/28914.jpg","size":"medium"},{"#text":"http:\/\/userserve-ak.last.fm\/serve\/126\/28914.jpg","size":"large"},{"#text":"http:\/\/userserve-ak.last.fm\/serve\/252\/28914.jpg","size":"extralarge"},{"#text":"http:\/\/userserve-ak.last.fm\/serve\/_\/28914\/Coldplay.jpg","size":"mega"}],"@attr":{"rank":"7"}},{"name":"David Bowie","listeners":"1014","mbid":"5441c29d-3602-4898-b1a1-b77fa23b8e50","url":"http:\/\/www.last.fm\/music\/David+Bowie","streamable":"1","image":[{"#text":"http:\/\/userserve-ak.last.fm\/serve\/34\/7227115.jpg","size":"small"},{"#text":"http:\/\/userserve-ak.last.fm\/serve\/64\/7227115.jpg","size":"medium"},{"#text":"http:\/\/userserve-ak.last.fm\/serve\/126\/7227115.jpg","size":"large"},{"#text":"http:\/\/userserve-ak.last.fm\/serve\/252\/7227115.jpg","size":"extralarge"},{"#text":"http:\/\/userserve-ak.last.fm\/serve\/_\/7227115\/David+Bowie+article10272160199ED2A00000578.jpg","size":"mega"}],"@attr":{"rank":"8"}},{"name":"Imagine Dragons","listeners":"993","mbid":"012151a8-0f9a-44c9-997f-ebd68b5389f9","url":"http:\/\/www.last.fm\/music\/Imagine+Dragons","streamable":"1","image":[{"#text":"http:\/\/userserve-ak.last.fm\/serve\/34\/92667353.png","size":"small"},{"#text":"http:\/\/userserve-ak.last.fm\/serve\/64\/92667353.png","size":"medium"},{"#text":"http:\/\/userserve-ak.last.fm\/serve\/126\/92667353.png","size":"large"},{"#text":"http:\/\/userserve-ak.last.fm\/serve\/252\/92667353.png","size":"extralarge"},{"#text":"http:\/\/userserve-ak.last.fm\/serve\/_\/92667353\/Imagine+Dragons.png","size":"mega"}],"@attr":{"rank":"9"}},{"name":"Lorde","listeners":"990","mbid":"8e494408-8620-4c6a-82c2-c2ca4a1e4f12","url":"http:\/\/www.last.fm\/music\/Lorde","streamable":"1","image":[{"#text":"http:\/\/userserve-ak.last.fm\/serve\/34\/93454351.png","size":"small"},{"#text":"http:\/\/userserve-ak.last.fm\/serve\/64\/93454351.png","size":"medium"},{"#text":"http:\/\/userserve-ak.last.fm\/serve\/126\/93454351.png","size":"large"},{"#text":"http:\/\/userserve-ak.last.fm\/serve\/252\/93454351.png","size":"extralarge"},{"#text":"http:\/\/userserve-ak.last.fm\/serve\/500\/93454351\/Lorde+MetroMagazine2.png","size":"mega"}],"@attr":{"rank":"10"}},{"name":"Lana Del Rey","listeners":"972","mbid":"b7539c32-53e7-4908-bda3-81449c367da6","url":"http:\/\/www.last.fm\/music\/Lana+Del+Rey","streamable":"1","image":[{"#text":"http:\/\/userserve-ak.last.fm\/serve\/34\/89296949.png","size":"small"},{"#text":"http:\/\/userserve-ak.last.fm\/serve\/64\/89296949.png","size":"medium"},{"#text":"http:\/\/userserve-ak.last.fm\/serve\/126\/89296949.png","size":"large"},{"#text":"http:\/\/userserve-ak.last.fm\/serve\/252\/89296949.png","size":"extralarge"},{"#text":"http:\/\/userserve-ak.last.fm\/serve\/_\/89296949\/Lana+Del+Rey+Fashion.png","size":"mega"}],"@attr":{"rank":"11"}},{"name":"Vampire Weekend","listeners":"969","mbid":"af37c51c-0790-4a29-b995-456f98a6b8c9","url":"http:\/\/www.last.fm\/music\/Vampire+Weekend","streamable":"1","image":[{"#text":"http:\/\/userserve-ak.last.fm\/serve\/34\/41949447.jpg","size":"small"},{"#text":"http:\/\/userserve-ak.last.fm\/serve\/64\/41949447.jpg","size":"medium"},{"#text":"http:\/\/userserve-ak.last.fm\/serve\/126\/41949447.jpg","size":"large"},{"#text":"http:\/\/userserve-ak.last.fm\/serve\/252\/41949447.jpg","size":"extralarge"},{"#text":"http:\/\/userserve-ak.last.fm\/serve\/_\/41949447\/Vampire+Weekend+vampireweekend420x512.jpg","size":"mega"}],"@attr":{"rank":"12"}},{"name":"Queen","listeners":"933","mbid":"0383dadf-2a4e-4d10-a46a-e9e041da8eb3","url":"http:\/\/www.last.fm\/music\/Queen","streamable":"1","image":[{"#text":"http:\/\/userserve-ak.last.fm\/serve\/34\/45625545.png","size":"small"},{"#text":"http:\/\/userserve-ak.last.fm\/serve\/64\/45625545.png","size":"medium"},{"#text":"http:\/\/userserve-ak.last.fm\/serve\/126\/45625545.png","size":"large"},{"#text":"http:\/\/userserve-ak.last.fm\/serve\/252\/45625545.png","size":"extralarge"},{"#text":"http:\/\/userserve-ak.last.fm\/serve\/500\/45625545\/Queen+PNG.png","size":"mega"}],"@attr":{"rank":"13"}},{"name":"Lady Gaga","listeners":"894","mbid":"650e7db6-b795-4eb5-a702-5ea2fc46c848","url":"http:\/\/www.last.fm\/music\/Lady+Gaga","streamable":"1","image":[{"#text":"http:\/\/userserve-ak.last.fm\/serve\/34\/81885447.png","size":"small"},{"#text":"http:\/\/userserve-ak.last.fm\/serve\/64\/81885447.png","size":"medium"},{"#text":"http:\/\/userserve-ak.last.fm\/serve\/126\/81885447.png","size":"large"},{"#text":"http:\/\/userserve-ak.last.fm\/serve\/252\/81885447.png","size":"extralarge"},{"#text":"http:\/\/userserve-ak.last.fm\/serve\/_\/81885447\/Lady+Gaga+Gaga.png","size":"mega"}],"@attr":{"rank":"14"}},{"name":"The Black Keys","listeners":"892","mbid":"d15721d8-56b4-453d-b506-fc915b14cba2","url":"http:\/\/www.last.fm\/music\/The+Black+Keys","streamable":"1","image":[{"#text":"http:\/\/userserve-ak.last.fm\/serve\/34\/347576.jpg","size":"small"},{"#text":"http:\/\/userserve-ak.last.fm\/serve\/64\/347576.jpg","size":"medium"},{"#text":"http:\/\/userserve-ak.last.fm\/serve\/126\/347576.jpg","size":"large"},{"#text":"http:\/\/userserve-ak.last.fm\/serve\/252\/347576.jpg","size":"extralarge"},{"#text":"http:\/\/userserve-ak.last.fm\/serve\/_\/347576\/The+Black+Keys.jpg","size":"mega"}],"@attr":{"rank":"15"}},{"name":"The xx","listeners":"862","mbid":"c5c2ea1c-4bde-4f4d-bd0b-47b200bf99d6","url":"http:\/\/www.last.fm\/music\/The+xx","streamable":"0","image":[{"#text":"http:\/\/userserve-ak.last.fm\/serve\/34\/32862809.jpg","size":"small"},{"#text":"http:\/\/userserve-ak.last.fm\/serve\/64\/32862809.jpg","size":"medium"},{"#text":"http:\/\/userserve-ak.last.fm\/serve\/126\/32862809.jpg","size":"large"},{"#text":"http:\/\/userserve-ak.last.fm\/serve\/252\/32862809.jpg","size":"extralarge"},{"#text":"http:\/\/userserve-ak.last.fm\/serve\/500\/32862809\/The+xx.jpg","size":"mega"}],"@attr":{"rank":"16"}},{"name":"Katy Perry","listeners":"848","mbid":"122d63fc-8671-43e4-9752-34e846d62a9c","url":"http:\/\/www.last.fm\/music\/Katy+Perry","streamable":"1","image":[{"#text":"http:\/\/userserve-ak.last.fm\/serve\/34\/92293483.png","size":"small"},{"#text":"http:\/\/userserve-ak.last.fm\/serve\/64\/92293483.png","size":"medium"},{"#text":"http:\/\/userserve-ak.last.fm\/serve\/126\/92293483.png","size":"large"},{"#text":"http:\/\/userserve-ak.last.fm\/serve\/252\/92293483.png","size":"extralarge"},{"#text":"http:\/\/userserve-ak.last.fm\/serve\/500\/92293483\/Katy+Perry+Elle+Uk.png","size":"mega"}],"@attr":{"rank":"17"}},{"name":"Eminem","listeners":"845","mbid":"b95ce3ff-3d05-4e87-9e01-c97b66af13d4","url":"http:\/\/www.last.fm\/music\/Eminem","streamable":"1","image":[{"#text":"http:\/\/userserve-ak.last.fm\/serve\/34\/94395727.png","size":"small"},{"#text":"http:\/\/userserve-ak.last.fm\/serve\/64\/94395727.png","size":"medium"},{"#text":"http:\/\/userserve-ak.last.fm\/serve\/126\/94395727.png","size":"large"},{"#text":"http:\/\/userserve-ak.last.fm\/serve\/252\/94395727.png","size":"extralarge"},{"#text":"http:\/\/userserve-ak.last.fm\/serve\/500\/94395727\/Eminem+Digital+Booklet++The+Marshall.png","size":"mega"}],"@attr":{"rank":"18"}},{"name":"Franz Ferdinand","listeners":"824","mbid":"aa7a2827-f74b-473c-bd79-03d065835cf7","url":"http:\/\/www.last.fm\/music\/Franz+Ferdinand","streamable":"1","image":[{"#text":"http:\/\/userserve-ak.last.fm\/serve\/34\/2154164.jpg","size":"small"},{"#text":"http:\/\/userserve-ak.last.fm\/serve\/64\/2154164.jpg","size":"medium"},{"#text":"http:\/\/userserve-ak.last.fm\/serve\/126\/2154164.jpg","size":"large"},{"#text":"http:\/\/userserve-ak.last.fm\/serve\/252\/2154164.jpg","size":"extralarge"},{"#text":"http:\/\/userserve-ak.last.fm\/serve\/500\/2154164\/Franz+Ferdinand.jpg","size":"mega"}],"@attr":{"rank":"19"}},{"name":"The Strokes","listeners":"799","mbid":"f181961b-20f7-459e-89de-920ef03c7ed0","url":"http:\/\/www.last.fm\/music\/The+Strokes","streamable":"1","image":[{"#text":"http:\/\/userserve-ak.last.fm\/serve\/34\/1110.jpg","size":"small"},{"#text":"http:\/\/userserve-ak.last.fm\/serve\/64\/1110.jpg","size":"medium"},{"#text":"http:\/\/userserve-ak.last.fm\/serve\/126\/1110.jpg","size":"large"},{"#text":"http:\/\/userserve-ak.last.fm\/serve\/252\/1110.jpg","size":"extralarge"},{"#text":"http:\/\/userserve-ak.last.fm\/serve\/_\/1110\/The+Strokes.jpg","size":"mega"}],"@attr":{"rank":"20"}},{"name":"The Rolling Stones","listeners":"796","mbid":"b071f9fa-14b0-4217-8e97-eb41da73f598","url":"http:\/\/www.last.fm\/music\/The+Rolling+Stones","streamable":"1","image":[{"#text":"http:\/\/userserve-ak.last.fm\/serve\/34\/17715907.jpg","size":"small"},{"#text":"http:\/\/userserve-ak.last.fm\/serve\/64\/17715907.jpg","size":"medium"},{"#text":"http:\/\/userserve-ak.last.fm\/serve\/126\/17715907.jpg","size":"large"},{"#text":"http:\/\/userserve-ak.last.fm\/serve\/252\/17715907.jpg","size":"extralarge"},{"#text":"http:\/\/userserve-ak.last.fm\/serve\/500\/17715907\/The+Rolling+Stones++3.jpg","size":"mega"}],"@attr":{"rank":"21"}},{"name":"The Killers","listeners":"793","mbid":"24b4aee8-32ed-4163-98f7-55bae67411ae","url":"http:\/\/www.last.fm\/music\/The+Killers","streamable":"1","image":[{"#text":"http:\/\/userserve-ak.last.fm\/serve\/34\/94661489.png","size":"small"},{"#text":"http:\/\/userserve-ak.last.fm\/serve\/64\/94661489.png","size":"medium"},{"#text":"http:\/\/userserve-ak.last.fm\/serve\/126\/94661489.png","size":"large"},{"#text":"http:\/\/userserve-ak.last.fm\/serve\/252\/94661489.png","size":"extralarge"},{"#text":"http:\/\/userserve-ak.last.fm\/serve\/500\/94661489\/The+Killers+HQ.png","size":"mega"}],"@attr":{"rank":"22"}},{"name":"Red Hot Chili Peppers","listeners":"784","mbid":"8bfac288-ccc5-448d-9573-c33ea2aa5c30","url":"http:\/\/www.last.fm\/music\/Red+Hot+Chili+Peppers","streamable":"1","image":[{"#text":"http:\/\/userserve-ak.last.fm\/serve\/34\/2165053.jpg","size":"small"},{"#text":"http:\/\/userserve-ak.last.fm\/serve\/64\/2165053.jpg","size":"medium"},{"#text":"http:\/\/userserve-ak.last.fm\/serve\/126\/2165053.jpg","size":"large"},{"#text":"http:\/\/userserve-ak.last.fm\/serve\/252\/2165053.jpg","size":"extralarge"},{"#text":"http:\/\/userserve-ak.last.fm\/serve\/500\/2165053\/Red+Hot+Chili+Peppers+John+actually+makes+this+pictu.jpg","size":"mega"}],"@attr":{"rank":"23"}},{"name":"Beyonc\u00e9","listeners":"782","mbid":"183105b5-3e68-4748-9086-2c1c11bf7a3d","url":"http:\/\/www.last.fm\/music\/Beyonc%C3%A9","streamable":"1","image":[{"#text":"http:\/\/userserve-ak.last.fm\/serve\/34\/95313343.png","size":"small"},{"#text":"http:\/\/userserve-ak.last.fm\/serve\/64\/95313343.png","size":"medium"},{"#text":"http:\/\/userserve-ak.last.fm\/serve\/126\/95313343.png","size":"large"},{"#text":"http:\/\/userserve-ak.last.fm\/serve\/252\/95313343.png","size":"extralarge"},{"#text":"http:\/\/userserve-ak.last.fm\/serve\/_\/95313343\/Beyonc+Album++photoshoot.png","size":"mega"}],"@attr":{"rank":"24"}},{"name":"Nirvana","listeners":"756","mbid":"5b11f4ce-a62d-471e-81fc-a69a8278c7da","url":"http:\/\/www.last.fm\/music\/Nirvana","streamable":"1","image":[{"#text":"http:\/\/userserve-ak.last.fm\/serve\/34\/28718959.jpg","size":"small"},{"#text":"http:\/\/userserve-ak.last.fm\/serve\/64\/28718959.jpg","size":"medium"},{"#text":"http:\/\/userserve-ak.last.fm\/serve\/126\/28718959.jpg","size":"large"},{"#text":"http:\/\/userserve-ak.last.fm\/serve\/252\/28718959.jpg","size":"extralarge"},{"#text":"http:\/\/userserve-ak.last.fm\/serve\/_\/28718959\/Nirvana.jpg","size":"mega"}],"@attr":{"rank":"25"}},{"name":"Miley Cyrus","listeners":"752","mbid":"7e9bd05a-117f-4cce-87bc-e011527a8b18","url":"http:\/\/www.last.fm\/music\/Miley+Cyrus","streamable":"1","image":[{"#text":"http:\/\/userserve-ak.last.fm\/serve\/34\/95958383.png","size":"small"},{"#text":"http:\/\/userserve-ak.last.fm\/serve\/64\/95958383.png","size":"medium"},{"#text":"http:\/\/userserve-ak.last.fm\/serve\/126\/95958383.png","size":"large"},{"#text":"http:\/\/userserve-ak.last.fm\/serve\/252\/95958383.png","size":"extralarge"},{"#text":"http:\/\/userserve-ak.last.fm\/serve\/500\/95958383\/Miley+Cyrus+Marc+Jacobs+2014.png","size":"mega"}],"@attr":{"rank":"26"}},{"name":"Love of Lesbian","listeners":"733","mbid":"31ab8f5f-b5d7-41a2-80ef-13084aaf0eab","url":"http:\/\/www.last.fm\/music\/Love+of+Lesbian","streamable":"1","image":[{"#text":"http:\/\/userserve-ak.last.fm\/serve\/34\/68459194.png","size":"small"},{"#text":"http:\/\/userserve-ak.last.fm\/serve\/64\/68459194.png","size":"medium"},{"#text":"http:\/\/userserve-ak.last.fm\/serve\/126\/68459194.png","size":"large"},{"#text":"http:\/\/userserve-ak.last.fm\/serve\/252\/68459194.png","size":"extralarge"},{"#text":"http:\/\/userserve-ak.last.fm\/serve\/500\/68459194\/Love+of+Lesbian+LOL++PNG.png","size":"mega"}],"@attr":{"rank":"27"}},{"name":"Phoenix","listeners":"730","mbid":"02f4c1ff-65e0-4412-8e8b-6239b0faecb5","url":"http:\/\/www.last.fm\/music\/Phoenix","streamable":"1","image":[{"#text":"http:\/\/userserve-ak.last.fm\/serve\/34\/6582185.png","size":"small"},{"#text":"http:\/\/userserve-ak.last.fm\/serve\/64\/6582185.png","size":"medium"},{"#text":"http:\/\/userserve-ak.last.fm\/serve\/126\/6582185.png","size":"large"},{"#text":"http:\/\/userserve-ak.last.fm\/serve\/252\/6582185.png","size":"extralarge"},{"#text":"http:\/\/userserve-ak.last.fm\/serve\/500\/6582185\/Phoenix+_Wiki_Official.png","size":"mega"}],"@attr":{"rank":"28"}},{"name":"Queens of the Stone Age","listeners":"725","mbid":"246aa41e-8a40-4018-a6d6-8fb646418c25","url":"http:\/\/www.last.fm\/music\/Queens+of+the+Stone+Age","streamable":"1","image":[{"#text":"http:\/\/userserve-ak.last.fm\/serve\/34\/6667389.jpg","size":"small"},{"#text":"http:\/\/userserve-ak.last.fm\/serve\/64\/6667389.jpg","size":"medium"},{"#text":"http:\/\/userserve-ak.last.fm\/serve\/126\/6667389.jpg","size":"large"},{"#text":"http:\/\/userserve-ak.last.fm\/serve\/252\/6667389.jpg","size":"extralarge"},{"#text":"http:\/\/userserve-ak.last.fm\/serve\/500\/6667389\/Queens+of+the+Stone+Age+joeycastillo_joshhomme.jpg","size":"mega"}],"@attr":{"rank":"29"}},{"name":"Ellie Goulding","listeners":"723","mbid":"33ca19f4-18c8-4411-98df-ac23890ce9f5","url":"http:\/\/www.last.fm\/music\/Ellie+Goulding","streamable":"1","image":[{"#text":"http:\/\/userserve-ak.last.fm\/serve\/34\/95497995.jpg","size":"small"},{"#text":"http:\/\/userserve-ak.last.fm\/serve\/64\/95497995.jpg","size":"medium"},{"#text":"http:\/\/userserve-ak.last.fm\/serve\/126\/95497995.jpg","size":"large"},{"#text":"http:\/\/userserve-ak.last.fm\/serve\/252\/95497995.jpg","size":"extralarge"},{"#text":"http:\/\/userserve-ak.last.fm\/serve\/500\/95497995\/Ellie+Goulding+++Rain+Shoot.jpg","size":"mega"}],"@attr":{"rank":"30"}},{"name":"Two Door Cinema Club","listeners":"706","mbid":"6f1de078-6684-4792-820d-2ffad64c15ed","url":"http:\/\/www.last.fm\/music\/Two+Door+Cinema+Club","streamable":"1","image":[{"#text":"http:\/\/userserve-ak.last.fm\/serve\/34\/67716968.png","size":"small"},{"#text":"http:\/\/userserve-ak.last.fm\/serve\/64\/67716968.png","size":"medium"},{"#text":"http:\/\/userserve-ak.last.fm\/serve\/126\/67716968.png","size":"large"},{"#text":"http:\/\/userserve-ak.last.fm\/serve\/252\/67716968.png","size":"extralarge"},{"#text":"http:\/\/userserve-ak.last.fm\/serve\/_\/67716968\/Two+Door+Cinema+Club+Tudor+Cinema.png","size":"mega"}],"@attr":{"rank":"31"}},{"name":"The National","listeners":"701","mbid":"664c3e0e-42d8-48c1-b209-1efca19c0325","url":"http:\/\/www.last.fm\/music\/The+National","streamable":"1","image":[{"#text":"http:\/\/userserve-ak.last.fm\/serve\/34\/55120005.jpg","size":"small"},{"#text":"http:\/\/userserve-ak.last.fm\/serve\/64\/55120005.jpg","size":"medium"},{"#text":"http:\/\/userserve-ak.last.fm\/serve\/126\/55120005.jpg","size":"large"},{"#text":"http:\/\/userserve-ak.last.fm\/serve\/252\/55120005.jpg","size":"extralarge"},{"#text":"http:\/\/userserve-ak.last.fm\/serve\/500\/55120005\/The+National+national_flo_FINAL_cut_out.jpg","size":"mega"}],"@attr":{"rank":"32"}},{"name":"Metallica","listeners":"701","mbid":"65f4f0c5-ef9e-490c-aee3-909e7ae6b2ab","url":"http:\/\/www.last.fm\/music\/Metallica","streamable":"1","image":[{"#text":"http:\/\/userserve-ak.last.fm\/serve\/34\/7560709.jpg","size":"small"},{"#text":"http:\/\/userserve-ak.last.fm\/serve\/64\/7560709.jpg","size":"medium"},{"#text":"http:\/\/userserve-ak.last.fm\/serve\/126\/7560709.jpg","size":"large"},{"#text":"http:\/\/userserve-ak.last.fm\/serve\/252\/7560709.jpg","size":"extralarge"},{"#text":"http:\/\/userserve-ak.last.fm\/serve\/500\/7560709\/Metallica++03.jpg","size":"mega"}],"@attr":{"rank":"33"}},{"name":"Kings of Leon","listeners":"700","mbid":"6ffb8ea9-2370-44d8-b678-e9237bbd347b","url":"http:\/\/www.last.fm\/music\/Kings+of+Leon","streamable":"1","image":[{"#text":"http:\/\/userserve-ak.last.fm\/serve\/34\/93154397.png","size":"small"},{"#text":"http:\/\/userserve-ak.last.fm\/serve\/64\/93154397.png","size":"medium"},{"#text":"http:\/\/userserve-ak.last.fm\/serve\/126\/93154397.png","size":"large"},{"#text":"http:\/\/userserve-ak.last.fm\/serve\/252\/93154397.png","size":"extralarge"},{"#text":"http:\/\/userserve-ak.last.fm\/serve\/500\/93154397\/Kings+of+Leon+PNG.png","size":"mega"}],"@attr":{"rank":"34"}},{"name":"Foo Fighters","listeners":"699","mbid":"67f66c07-6e61-4026-ade5-7e782fad3a5d","url":"http:\/\/www.last.fm\/music\/Foo+Fighters","streamable":"1","image":[{"#text":"http:\/\/userserve-ak.last.fm\/serve\/34\/202888.jpg","size":"small"},{"#text":"http:\/\/userserve-ak.last.fm\/serve\/64\/202888.jpg","size":"medium"},{"#text":"http:\/\/userserve-ak.last.fm\/serve\/126\/202888.jpg","size":"large"},{"#text":"http:\/\/userserve-ak.last.fm\/serve\/252\/202888.jpg","size":"extralarge"},{"#text":"http:\/\/userserve-ak.last.fm\/serve\/_\/202888\/Foo+Fighters.jpg","size":"mega"}],"@attr":{"rank":"35"}},{"name":"OneRepublic","listeners":"692","mbid":"8aafd46e-f5d3-4923-8da1-43c0a296947f","url":"http:\/\/www.last.fm\/music\/OneRepublic","streamable":"1","image":[{"#text":"http:\/\/userserve-ak.last.fm\/serve\/34\/86602485.png","size":"small"},{"#text":"http:\/\/userserve-ak.last.fm\/serve\/64\/86602485.png","size":"medium"},{"#text":"http:\/\/userserve-ak.last.fm\/serve\/126\/86602485.png","size":"large"},{"#text":"http:\/\/userserve-ak.last.fm\/serve\/252\/86602485.png","size":"extralarge"},{"#text":"http:\/\/userserve-ak.last.fm\/serve\/_\/86602485\/OneRepublic+Nativepng.png","size":"mega"}],"@attr":{"rank":"36"}},{"name":"Linkin Park","listeners":"690","mbid":"f59c5520-5f46-4d2c-b2c4-822eabf53419","url":"http:\/\/www.last.fm\/music\/Linkin+Park","streamable":"1","image":[{"#text":"http:\/\/userserve-ak.last.fm\/serve\/34\/87874129.png","size":"small"},{"#text":"http:\/\/userserve-ak.last.fm\/serve\/64\/87874129.png","size":"medium"},{"#text":"http:\/\/userserve-ak.last.fm\/serve\/126\/87874129.png","size":"large"},{"#text":"http:\/\/userserve-ak.last.fm\/serve\/252\/87874129.png","size":"extralarge"},{"#text":"http:\/\/userserve-ak.last.fm\/serve\/_\/87874129\/Linkin+Park+LP+png.png","size":"mega"}],"@attr":{"rank":"37"}},{"name":"Led Zeppelin","listeners":"686","mbid":"678d88b2-87b0-403b-b63d-5da7465aecc3","url":"http:\/\/www.last.fm\/music\/Led+Zeppelin","streamable":"0","image":[{"#text":"http:\/\/userserve-ak.last.fm\/serve\/34\/279035.jpg","size":"small"},{"#text":"http:\/\/userserve-ak.last.fm\/serve\/64\/279035.jpg","size":"medium"},{"#text":"http:\/\/userserve-ak.last.fm\/serve\/126\/279035.jpg","size":"large"},{"#text":"http:\/\/userserve-ak.last.fm\/serve\/252\/279035.jpg","size":"extralarge"},{"#text":"http:\/\/userserve-ak.last.fm\/serve\/_\/279035\/Led+Zeppelin.jpg","size":"mega"}],"@attr":{"rank":"38"}},{"name":"Pink Floyd","listeners":"686","mbid":"83d91898-7763-47d7-b03b-b92132375c47","url":"http:\/\/www.last.fm\/music\/Pink+Floyd","streamable":"1","image":[{"#text":"http:\/\/userserve-ak.last.fm\/serve\/34\/39647317.jpg","size":"small"},{"#text":"http:\/\/userserve-ak.last.fm\/serve\/64\/39647317.jpg","size":"medium"},{"#text":"http:\/\/userserve-ak.last.fm\/serve\/126\/39647317.jpg","size":"large"},{"#text":"http:\/\/userserve-ak.last.fm\/serve\/252\/39647317.jpg","size":"extralarge"},{"#text":"http:\/\/userserve-ak.last.fm\/serve\/_\/39647317\/Pink+Floyd+Floyd+ring.jpg","size":"mega"}],"@attr":{"rank":"39"}},{"name":"U2","listeners":"686","mbid":"704acdbb-1415-4782-b0b6-0596b8c55e46","url":"http:\/\/www.last.fm\/music\/U2","streamable":"1","image":[{"#text":"http:\/\/userserve-ak.last.fm\/serve\/34\/141050.jpg","size":"small"},{"#text":"http:\/\/userserve-ak.last.fm\/serve\/64\/141050.jpg","size":"medium"},{"#text":"http:\/\/userserve-ak.last.fm\/serve\/126\/141050.jpg","size":"large"},{"#text":"http:\/\/userserve-ak.last.fm\/serve\/252\/141050.jpg","size":"extralarge"},{"#text":"http:\/\/userserve-ak.last.fm\/serve\/_\/141050\/U2.jpg","size":"mega"}],"@attr":{"rank":"40"}},{"name":"Rihanna","listeners":"685","mbid":"69989475-2971-49aa-8c53-5d74af88b8be","url":"http:\/\/www.last.fm\/music\/Rihanna","streamable":"1","image":[{"#text":"http:\/\/userserve-ak.last.fm\/serve\/34\/53023109.png","size":"small"},{"#text":"http:\/\/userserve-ak.last.fm\/serve\/64\/53023109.png","size":"medium"},{"#text":"http:\/\/userserve-ak.last.fm\/serve\/126\/53023109.png","size":"large"},{"#text":"http:\/\/userserve-ak.last.fm\/serve\/252\/53023109.png","size":"extralarge"},{"#text":"http:\/\/userserve-ak.last.fm\/serve\/_\/53023109\/Rihanna.png","size":"mega"}],"@attr":{"rank":"41"}},{"name":"The Cure","listeners":"682","mbid":"69ee3720-a7cb-4402-b48d-a02c366f2bcf","url":"http:\/\/www.last.fm\/music\/The+Cure","streamable":"1","image":[{"#text":"http:\/\/userserve-ak.last.fm\/serve\/34\/15263141.jpg","size":"small"},{"#text":"http:\/\/userserve-ak.last.fm\/serve\/64\/15263141.jpg","size":"medium"},{"#text":"http:\/\/userserve-ak.last.fm\/serve\/126\/15263141.jpg","size":"large"},{"#text":"http:\/\/userserve-ak.last.fm\/serve\/252\/15263141.jpg","size":"extralarge"},{"#text":"http:\/\/userserve-ak.last.fm\/serve\/_\/15263141\/The+Cure++85.jpg","size":"mega"}],"@attr":{"rank":"42"}},{"name":"MGMT","listeners":"671","mbid":"50e6288e-3db5-4253-ae51-5e8738ef2c31","url":"http:\/\/www.last.fm\/music\/MGMT","streamable":"1","image":[{"#text":"http:\/\/userserve-ak.last.fm\/serve\/34\/5383704.jpg","size":"small"},{"#text":"http:\/\/userserve-ak.last.fm\/serve\/64\/5383704.jpg","size":"medium"},{"#text":"http:\/\/userserve-ak.last.fm\/serve\/126\/5383704.jpg","size":"large"},{"#text":"http:\/\/userserve-ak.last.fm\/serve\/252\/5383704.jpg","size":"extralarge"},{"#text":"http:\/\/userserve-ak.last.fm\/serve\/500\/5383704\/MGMT.jpg","size":"mega"}],"@attr":{"rank":"43"}},{"name":"M83","listeners":"665","mbid":"6d7b7cd4-254b-4c25-83f6-dd20f98ceacd","url":"http:\/\/www.last.fm\/music\/M83","streamable":"1","image":[{"#text":"http:\/\/userserve-ak.last.fm\/serve\/34\/66063458.png","size":"small"},{"#text":"http:\/\/userserve-ak.last.fm\/serve\/64\/66063458.png","size":"medium"},{"#text":"http:\/\/userserve-ak.last.fm\/serve\/126\/66063458.png","size":"large"},{"#text":"http:\/\/userserve-ak.last.fm\/serve\/252\/66063458.png","size":"extralarge"},{"#text":"http:\/\/userserve-ak.last.fm\/serve\/_\/66063458\/M83+tumblr_l5vip9VVbr1qa1c0oo1_400.png","size":"mega"}],"@attr":{"rank":"44"}},{"name":"Extremoduro","listeners":"665","mbid":"f59163ba-1a7a-4349-b0fd-fb9582ebe333","url":"http:\/\/www.last.fm\/music\/Extremoduro","streamable":"0","image":[{"#text":"http:\/\/userserve-ak.last.fm\/serve\/34\/14087645.jpg","size":"small"},{"#text":"http:\/\/userserve-ak.last.fm\/serve\/64\/14087645.jpg","size":"medium"},{"#text":"http:\/\/userserve-ak.last.fm\/serve\/126\/14087645.jpg","size":"large"},{"#text":"http:\/\/userserve-ak.last.fm\/serve\/252\/14087645.jpg","size":"extralarge"},{"#text":"http:\/\/userserve-ak.last.fm\/serve\/500\/14087645\/Extremoduro+barcelona041008.jpg","size":"mega"}],"@attr":{"rank":"45"}},{"name":"Mumford & Sons","listeners":"661","mbid":"c44e9c22-ef82-4a77-9bcd-af6c958446d6","url":"http:\/\/www.last.fm\/music\/Mumford+&+Sons","streamable":"1","image":[{"#text":"http:\/\/userserve-ak.last.fm\/serve\/34\/61492581.png","size":"small"},{"#text":"http:\/\/userserve-ak.last.fm\/serve\/64\/61492581.png","size":"medium"},{"#text":"http:\/\/userserve-ak.last.fm\/serve\/126\/61492581.png","size":"large"},{"#text":"http:\/\/userserve-ak.last.fm\/serve\/252\/61492581.png","size":"extralarge"},{"#text":"http:\/\/userserve-ak.last.fm\/serve\/_\/61492581\/Mumford++Sons+PNG.png","size":"mega"}],"@attr":{"rank":"46"}},{"name":"Vetusta Morla","listeners":"659","mbid":"b185451a-9edd-46df-8046-1db7e9594f5a","url":"http:\/\/www.last.fm\/music\/Vetusta+Morla","streamable":"1","image":[{"#text":"http:\/\/userserve-ak.last.fm\/serve\/34\/6226563.jpg","size":"small"},{"#text":"http:\/\/userserve-ak.last.fm\/serve\/64\/6226563.jpg","size":"medium"},{"#text":"http:\/\/userserve-ak.last.fm\/serve\/126\/6226563.jpg","size":"large"},{"#text":"http:\/\/userserve-ak.last.fm\/serve\/252\/6226563.jpg","size":"extralarge"},{"#text":"http:\/\/userserve-ak.last.fm\/serve\/_\/6226563\/Vetusta+Morla.jpg","size":"mega"}],"@attr":{"rank":"47"}},{"name":"Pitbull","listeners":"642","mbid":"3f7b5e3e-289a-44d7-95a7-f7ffab7a2bf2","url":"http:\/\/www.last.fm\/music\/Pitbull","streamable":"1","image":[{"#text":"http:\/\/userserve-ak.last.fm\/serve\/34\/76769584.png","size":"small"},{"#text":"http:\/\/userserve-ak.last.fm\/serve\/64\/76769584.png","size":"medium"},{"#text":"http:\/\/userserve-ak.last.fm\/serve\/126\/76769584.png","size":"large"},{"#text":"http:\/\/userserve-ak.last.fm\/serve\/252\/76769584.png","size":"extralarge"},{"#text":"http:\/\/userserve-ak.last.fm\/serve\/_\/76769584\/Pitbull+PNG.png","size":"mega"}],"@attr":{"rank":"48"}},{"name":"Pixies","listeners":"641","mbid":"b6b2bb8d-54a9-491f-9607-7b546023b433","url":"http:\/\/www.last.fm\/music\/Pixies","streamable":"1","image":[{"#text":"http:\/\/userserve-ak.last.fm\/serve\/34\/7972013.jpg","size":"small"},{"#text":"http:\/\/userserve-ak.last.fm\/serve\/64\/7972013.jpg","size":"medium"},{"#text":"http:\/\/userserve-ak.last.fm\/serve\/126\/7972013.jpg","size":"large"},{"#text":"http:\/\/userserve-ak.last.fm\/serve\/252\/7972013.jpg","size":"extralarge"},{"#text":"http:\/\/userserve-ak.last.fm\/serve\/_\/7972013\/Pixies.jpg","size":"mega"}],"@attr":{"rank":"49"}},{"name":"Foals","listeners":"634","mbid":"6a65d878-fcd0-42cf-aff9-ca1d636a8bcc","url":"http:\/\/www.last.fm\/music\/Foals","streamable":"1","image":[{"#text":"http:\/\/userserve-ak.last.fm\/serve\/34\/91144717.png","size":"small"},{"#text":"http:\/\/userserve-ak.last.fm\/serve\/64\/91144717.png","size":"medium"},{"#text":"http:\/\/userserve-ak.last.fm\/serve\/126\/91144717.png","size":"large"},{"#text":"http:\/\/userserve-ak.last.fm\/serve\/252\/91144717.png","size":"extralarge"},{"#text":"http:\/\/userserve-ak.last.fm\/serve\/500\/91144717\/Foals++PNG.png","size":"mega"}],"@attr":{"rank":"50"}}],"@attr":{"country":"Spain","page":"1","perPage":"50","totalPages":"10","total":"500"}}}